Bar Name,Brand Name,Chosen Model,Validation WAPE,Test WAPE,RMSE (ml)
Anderson's Bar,Absolut,7-day moving average,1.650199834879878,1.754729137742792,98.80763263230068
Anderson's Bar,Bacardi,7-day moving average,1.604829295535264,1.4343812083674183,174.38261223871356
Anderson's Bar,Barefoot,day-of-week seasonal mean,1.496433695759661,2.3021352042579664,171.82592823506127
Anderson's Bar,Budweiser,day-of-week seasonal mean,1.7276224198365229,,117.07754628449386
Anderson's Bar,Captain Morgan,day-of-week seasonal mean,1.5536787756014592,1.7981758007561885,181.73360256580258
Anderson's Bar,Coors,7-day moving average,1.6619167143812796,1.5333495279608227,155.38080281735688
Anderson's Bar,Grey Goose,7-day moving average,1.7131355061221194,1.7135257460354991,158.82709284514513
Anderson's Bar,Heineken,7-day moving average,1.7434451298422338,1.8202216285538444,146.70936996360334
Anderson's Bar,Jack Daniels,7-day moving average,1.5849415208655326,1.6196136760848745,145.05557599440877
Anderson's Bar,Jameson,7-day moving average,1.7068173465473635,1.7150120264223905,163.48515287618963
Anderson's Bar,Jim Beam,7-day moving average,1.5428985204930437,1.5753245290084124,158.97466081237025
Anderson's Bar,Malibu,7-day moving average,1.7166647466416876,1.7228210157840909,131.28441850681412
Anderson's Bar,Miller,day-of-week seasonal mean,1.6881784400896078,2.578411736343801,164.78799816501947
Anderson's Bar,Smirnoff,7-day moving average,1.6294141846298984,1.6549593157152587,161.16989785964313
Anderson's Bar,Sutter Home,day-of-week seasonal mean,1.6567700903308653,1.7728849773766235,176.00616174691322
Anderson's Bar,Yellow Tail,day-of-week seasonal mean,1.719499529210987,1.3541202750178216,155.8433807076151
Brown's Bar,Absolut,7-day moving average,1.6896134390148951,1.7633338087235975,136.73204200432997
Brown's Bar,Bacardi,day-of-week seasonal mean,1.5971949949312452,1.6107282233079123,151.3146646735528
Brown's Bar,Barefoot,7-day moving average,1.766575167845389,1.6419256549173866,144.7657890548651
Brown's Bar,Budweiser,day-of-week seasonal mean,1.7057951454733162,1.9019685571819454,142.98749614063266
Brown's Bar,Captain Morgan,7-day moving average,1.631245126138301,1.9579265876589462,143.82808548124336
Brown's Bar,Coors,7-day moving average,1.911199472825641,1.573431592198882,108.19210486178893
Brown's Bar,Grey Goose,7-day moving average,1.5666996059041107,1.6737710417776723,173.9248532028935
Brown's Bar,Heineken,day-of-week seasonal mean,1.6725438978664455,1.994985522482629,148.92746992505872
Brown's Bar,Jack Daniels,7-day moving average,1.646732205455557,1.8751219958521412,143.88180098191896
Brown's Bar,Jameson,day-of-week seasonal mean,1.6013653523051807,1.5125608717916936,158.49535761650046
Brown's Bar,Jim Beam,day-of-week seasonal mean,1.58995679051106,1.7196536287100257,159.3822070905492
Brown's Bar,Malibu,7-day moving average,1.698748686208436,1.4551855176765685,144.6826042623971
Brown's Bar,Miller,day-of-week seasonal mean,1.5525460661299553,2.8885984427141262,150.28402878032702
Brown's Bar,Smirnoff,7-day moving average,1.5617245244357942,1.674689889460832,127.34068222429644
Brown's Bar,Sutter Home,7-day moving average,1.5187949311314748,1.5923127165558166,150.05440102304328
Brown's Bar,Yellow Tail,day-of-week seasonal mean,1.5169635130315116,1.7201892869139115,173.2254488169833
Johnson's Bar,Absolut,7-day moving average,1.5868107119985118,1.731049295152726,167.6513110946178
Johnson's Bar,Bacardi,7-day moving average,1.749406793666209,1.6925372755550796,134.34417499849476
Johnson's Bar,Barefoot,7-day moving average,1.6259654795258014,1.8607013952077645,167.73564538672142
Johnson's Bar,Budweiser,day-of-week seasonal mean,1.487529985098079,1.8694905209297337,165.0497692687404
Johnson's Bar,Captain Morgan,7-day moving average,1.4790954071577855,1.6470423675061574,173.874948882309
Johnson's Bar,Coors,day-of-week seasonal mean,1.7557618619269046,1.4831493012987567,149.96741899521547
Johnson's Bar,Grey Goose,7-day moving average,1.6190928669850897,1.487460436712978,169.59855106534826
Johnson's Bar,Heineken,7-day moving average,1.7356763524071819,1.6416927750769659,135.9381058708525
Johnson's Bar,Jack Daniels,7-day moving average,1.7873996376866539,1.743003137125433,149.78644192589977
Johnson's Bar,Jameson,7-day moving average,1.692200085819899,1.600904262085851,126.4115855089006
Johnson's Bar,Jim Beam,day-of-week seasonal mean,1.6532699152270303,1.760097037267425,132.2810147029483
Johnson's Bar,Malibu,day-of-week seasonal mean,1.673309007763371,1.5925848428729972,160.33298697926537
Johnson's Bar,Miller,7-day moving average,1.7921264321408386,1.6766699993208336,132.840544085205
Johnson's Bar,Smirnoff,day-of-week seasonal mean,1.5681491356830561,2.1067122459354404,183.0671445940543
Johnson's Bar,Sutter Home,7-day moving average,1.5988053990304054,1.6491637718010244,157.34922462989388
Johnson's Bar,Yellow Tail,7-day moving average,1.5370977143978604,1.6532192979475326,140.90566785444756
Smith's Bar,Absolut,day-of-week seasonal mean,1.5565068947028537,1.733621779515322,180.1170662286698
Smith's Bar,Bacardi,day-of-week seasonal mean,1.7835572118648233,1.4118168706634442,150.90113329850652
Smith's Bar,Barefoot,7-day moving average,1.5514145071537044,1.7743180353667338,145.93328172219216
Smith's Bar,Budweiser,day-of-week seasonal mean,1.6989789807541669,1.7635299696340954,117.05234477577038
Smith's Bar,Captain Morgan,7-day moving average,1.6469030461782372,1.7867168947674839,153.50317558923652
Smith's Bar,Coors,7-day moving average,1.6966639086924413,2.052562593243527,133.36433301573405
Smith's Bar,Grey Goose,7-day moving average,1.610847002949665,1.5979762195894562,173.3154138373388
Smith's Bar,Heineken,7-day moving average,1.7698262951670662,1.7288232323182338,137.47841971924947
Smith's Bar,Jack Daniels,7-day moving average,1.645524945899946,1.815109993471714,146.017139552822
Smith's Bar,Jameson,7-day moving average,1.6314234013061697,1.5770521666686597,143.972398583363
Smith's Bar,Jim Beam,day-of-week seasonal mean,1.605697819441164,1.9925794376688448,159.29494773187474
Smith's Bar,Malibu,7-day moving average,1.6438213835683424,1.457463424138069,169.1542770988645
Smith's Bar,Miller,day-of-week seasonal mean,1.619185166138369,2.043672029645997,149.33259674826297
Smith's Bar,Smirnoff,7-day moving average,1.7130473429707043,1.6596516810030835,131.8877866405827
Smith's Bar,Sutter Home,day-of-week seasonal mean,1.6622010962721878,1.5068117220045627,139.19440220571627
Smith's Bar,Yellow Tail,7-day moving average,1.6073695512431532,1.7200865795781914,167.06107334214713
Taylor's Bar,Absolut,7-day moving average,1.5504194628081203,2.03771269871753,132.04353846225945
Taylor's Bar,Bacardi,day-of-week seasonal mean,1.6547576162627051,2.5372743491237313,126.80194166108713
Taylor's Bar,Barefoot,day-of-week seasonal mean,1.5970579162715943,1.6927260640550106,144.16829153686754
Taylor's Bar,Budweiser,7-day moving average,1.7066090238951843,1.7049661687731394,167.9278709891024
Taylor's Bar,Captain Morgan,day-of-week seasonal mean,1.6942115717215804,1.5137535834462943,161.01057011297686
Taylor's Bar,Coors,7-day moving average,1.8027081308449142,1.625051095198321,123.98051214192576
Taylor's Bar,Grey Goose,day-of-week seasonal mean,1.5612913609224326,1.7847060484003239,170.94837951607073
Taylor's Bar,Heineken,day-of-week seasonal mean,1.7662756534591184,1.9501334858886348,110.04950041337293
Taylor's Bar,Jack Daniels,7-day moving average,1.6041782885126177,1.7450626477357487,161.42989698730625
Taylor's Bar,Jameson,day-of-week seasonal mean,1.6495376212217334,1.630595453253087,143.15520321066933
Taylor's Bar,Jim Beam,7-day moving average,1.5807587352412507,1.5094580042512786,149.28453603238967
Taylor's Bar,Malibu,7-day moving average,1.536770121529696,1.670162292828492,136.41997678066195
Taylor's Bar,Miller,day-of-week seasonal mean,1.7172077092281721,2.9999937028412775,132.86162314683875
Taylor's Bar,Smirnoff,7-day moving average,1.6307222910270016,1.468367501823697,151.28033831171635
Taylor's Bar,Sutter Home,7-day moving average,1.7037832041155665,1.7991115554275323,123.25592435842329
Taylor's Bar,Yellow Tail,7-day moving average,1.5682726755146423,1.6527113446697688,133.6284615833644
Thomas's Bar,Absolut,day-of-week seasonal mean,1.5925491303827948,1.7199234313114813,155.34002640236665
Thomas's Bar,Bacardi,day-of-week seasonal mean,1.4533204882610817,1.5741998846209484,149.76848448465935
Thomas's Bar,Barefoot,7-day moving average,1.673261196088027,1.6986466178147783,146.45150927142512
Thomas's Bar,Budweiser,7-day moving average,1.8153967129120738,1.6844217157782257,133.89357319014587
Thomas's Bar,Captain Morgan,7-day moving average,1.6385586923818662,1.6108400778416208,135.74666898704427
Thomas's Bar,Coors,7-day moving average,1.7285223712052569,1.8030989012028458,119.34328279699682
Thomas's Bar,Grey Goose,day-of-week seasonal mean,1.578470234601805,1.4111033093336858,165.4872256205388
Thomas's Bar,Heineken,7-day moving average,1.7813955865815723,1.7201511422331615,124.86565418111492
Thomas's Bar,Jack Daniels,day-of-week seasonal mean,1.5606585100155843,1.7368451807469314,178.409540465039
Thomas's Bar,Jameson,7-day moving average,1.740174382813419,1.1428571428571428,135.12530066494602
Thomas's Bar,Jim Beam,day-of-week seasonal mean,1.6355576633910673,1.7238082671592736,175.68206748079953
Thomas's Bar,Malibu,7-day moving average,1.5853854959380718,1.6696105860674737,159.59227286834343
Thomas's Bar,Miller,7-day moving average,1.6556232591943598,1.8932715777396814,184.89125773662653
Thomas's Bar,Smirnoff,day-of-week seasonal mean,1.6786252182747243,1.6787524988163498,139.0655694704129
Thomas's Bar,Sutter Home,7-day moving average,1.6787785814584906,2.0054247242785923,117.65948110609189
Thomas's Bar,Yellow Tail,7-day moving average,1.5953476261295874,1.5974317862450336,116.37236338799809
